xCentroid,yCentroid,arcLength,area,eccentricity,label
125,431,153.78174459934235,874.5,0.87,0
109,150,95.94112491607666,296,0.79,0
30,451,132.81118214130402,198.5,0.91,0
161,440,54.041630148887634,135.5,0.68,0
131,368,49.21320307254791,131.5,0.26,0
134,218,48.28427076339722,110,0.62,0
221,433,38.38477599620819,94.5,0.64,0
173,298,16.242640614509583,17.5,0.62,0
