xCentroid,yCentroid,arcLength,area,eccentricity,label
125,431,153.78174459934235,874.5,0.87,1
109,150,95.94112491607666,296,0.79000000000000004,0
30,451,132.81118214130402,198.5,0.91000000000000003,0
161,440,54.041630148887634,135.5,0.68000000000000005,0
131,368,49.213203072547913,131.5,0.26000000000000001,0
134,218,48.284270763397217,110,0.62,0
221,433,38.384775996208191,94.5,0.64000000000000001,0
173,298,16.242640614509583,17.5,0.62,0
